config_name,question,gold_answer,generated_answer,top_context,faithfulness_label,error_type
BM25 + Grounded,What does co-teaching get the students to focus on?,learning,Not enough information.,Co-teaching has also become a new trend amongst educational institutions. Co-teaching is defined as two or more teachers working harmoniously to fulfill the needs of every student in the classroom. Co-teaching focuses the student on learning by providing a social networking support that allows them to reach their full cognitive potential. Co-teachers work in sync with one another to create a climate of learning.,0.5,over_refusal
BM25 + Grounded,Who had established the Russian empire to its former glory prior to 1921?,Bolshevik leaders,Not enough information.,"city became the official capital of the Grand Duchy of Warsaw, a puppet state of the First French Empire established by Napoleon Bonaparte. In accordance with the decisions of the Congress of Vienna, the Russian Empire annexed Warsaw in 1815 and it became part of the ""Congress Kingdom"". Only in 1918 did it regain independence from the foreign rule and emerge as a new capital of the independent Republic of Poland. The German invasion in 1939, the massacre of the Jewish population and deportations to concentration camps led to the uprising in the Warsaw ghetto in 1943 and to the major and devastating Warsaw Uprising between August and October 1944. Warsaw gained the title of the ""Phoenix City"" because it",0.5,retrieval_failure
BM25 + Grounded,The epidemic in Newcastle was the most what in any British city at the time?,devastating loss,Not enough information.,Antiquaries that 47% of the then population of Newcastle died from the epidemic; this may also have been the most devastating loss in any British City in this period.,0.5,over_refusal
BM25 + Grounded,What service is a VideoGuard UK equipped receiver dedicated to decrypt?,Sky,Not enough information.,"Provided is a universal Ku band LNB (9.75/10.600 GHz) which is fitted at the end of the dish and pointed at the correct satellite constellation; most digital receivers will receive the free to air channels. Some broadcasts are free-to-air and unencrypted, some are encrypted but do not require a monthly subscription (known as free-to-view), some are encrypted and require a monthly subscription, and some are pay-per-view services. To view the encrypted content a VideoGuard UK equipped receiver (all of which are dedicated to the Sky service, and cannot be used to decrypt other services) needs to be used. Unofficial CAMs are now available to view the service, although use of them breaks the user's contract with Sky and invalidates the",0.5,over_refusal
BM25 + Rerank + Grounded,What does co-teaching get the students to focus on?,learning,Co-teaching,Co-teaching has also become a new trend amongst educational institutions. Co-teaching is defined as two or more teachers working harmoniously to fulfill the needs of every student in the classroom. Co-teaching focuses the student on learning by providing a social networking support that allows them to reach their full cognitive potential. Co-teachers work in sync with one another to create a climate of learning.,0.0,wrong_answer
BM25 + Rerank + Grounded,Who had established the Russian empire to its former glory prior to 1921?,Bolshevik leaders,Mongol Empire,"Bolshevik leaders had effectively reestablished a polity with roughly the same extent as that empire by 1921, however with an internationalist ideology: Lenin in particular asserted the right to limited self-determination for national minorities within the new territory. Beginning in 1923, the policy of ""Indigenization"" [korenizatsiia] was intended to support non-Russians develop their national cultures within a socialist framework. Never formally revoked, it stopped being implemented after 1932. After World War II, the Soviet Union installed socialist regimes modeled on those it had installed in 1919–20 in the old Tsarist Empire in areas its forces occupied in Eastern Europe. The Soviet Union and the People’s Republic of China supported post–World War II communist movements in foreign nations and colonies to",0.0,wrong_answer
BM25 + Rerank + Grounded,The epidemic in Newcastle was the most what in any British city at the time?,devastating loss,Not enough information.,Antiquaries that 47% of the then population of Newcastle died from the epidemic; this may also have been the most devastating loss in any British City in this period.,0.5,over_refusal
BM25 + Rerank + Grounded,What service is a VideoGuard UK equipped receiver dedicated to decrypt?,Sky,Not enough information.,"Provided is a universal Ku band LNB (9.75/10.600 GHz) which is fitted at the end of the dish and pointed at the correct satellite constellation; most digital receivers will receive the free to air channels. Some broadcasts are free-to-air and unencrypted, some are encrypted but do not require a monthly subscription (known as free-to-view), some are encrypted and require a monthly subscription, and some are pay-per-view services. To view the encrypted content a VideoGuard UK equipped receiver (all of which are dedicated to the Sky service, and cannot be used to decrypt other services) needs to be used. Unofficial CAMs are now available to view the service, although use of them breaks the user's contract with Sky and invalidates the",0.5,over_refusal
BM25 + Standard,What does co-teaching get the students to focus on?,learning,"enrolled 5,847 students in its four graduate divisions",Co-teaching has also become a new trend amongst educational institutions. Co-teaching is defined as two or more teachers working harmoniously to fulfill the needs of every student in the classroom. Co-teaching focuses the student on learning by providing a social networking support that allows them to reach their full cognitive potential. Co-teachers work in sync with one another to create a climate of learning.,0.0,wrong_answer
BM25 + Standard,Who had established the Russian empire to its former glory prior to 1921?,Bolshevik leaders,Ibn al-Athir,"city became the official capital of the Grand Duchy of Warsaw, a puppet state of the First French Empire established by Napoleon Bonaparte. In accordance with the decisions of the Congress of Vienna, the Russian Empire annexed Warsaw in 1815 and it became part of the ""Congress Kingdom"". Only in 1918 did it regain independence from the foreign rule and emerge as a new capital of the independent Republic of Poland. The German invasion in 1939, the massacre of the Jewish population and deportations to concentration camps led to the uprising in the Warsaw ghetto in 1943 and to the major and devastating Warsaw Uprising between August and October 1944. Warsaw gained the title of the ""Phoenix City"" because it",0.0,wrong_answer
BM25 + Standard,The epidemic in Newcastle was the most what in any British city at the time?,devastating loss,"The earliest known movie featuring some exterior scenes filmed in the city is On the Night of the Fire (1939), though by and large the action is studio-bound. Later came The Clouded Yellow (1951) and Payroll (1961), both of which feature more extensive scenes filmed in the city.",Antiquaries that 47% of the then population of Newcastle died from the epidemic; this may also have been the most devastating loss in any British City in this period.,0.0,wrong_answer
BM25 + Standard,What service is a VideoGuard UK equipped receiver dedicated to decrypt?,Sky,often does not work under the direct supervision of a pharmacist (if employed in a hospital pharmacy) but instead is supervised and managed by other senior pharmacy technicians,"Provided is a universal Ku band LNB (9.75/10.600 GHz) which is fitted at the end of the dish and pointed at the correct satellite constellation; most digital receivers will receive the free to air channels. Some broadcasts are free-to-air and unencrypted, some are encrypted but do not require a monthly subscription (known as free-to-view), some are encrypted and require a monthly subscription, and some are pay-per-view services. To view the encrypted content a VideoGuard UK equipped receiver (all of which are dedicated to the Sky service, and cannot be used to decrypt other services) needs to be used. Unofficial CAMs are now available to view the service, although use of them breaks the user's contract with Sky and invalidates the",0.0,wrong_answer
Dense + Grounded,What does co-teaching get the students to focus on?,learning,The subject matter.,Co-teaching has also become a new trend amongst educational institutions. Co-teaching is defined as two or more teachers working harmoniously to fulfill the needs of every student in the classroom. Co-teaching focuses the student on learning by providing a social networking support that allows them to reach their full cognitive potential. Co-teachers work in sync with one another to create a climate of learning.,0.0,wrong_answer
Dense + Grounded,Who had established the Russian empire to its former glory prior to 1921?,Bolshevik leaders,Istanbul,"Bolshevik leaders had effectively reestablished a polity with roughly the same extent as that empire by 1921, however with an internationalist ideology: Lenin in particular asserted the right to limited self-determination for national minorities within the new territory. Beginning in 1923, the policy of ""Indigenization"" [korenizatsiia] was intended to support non-Russians develop their national cultures within a socialist framework. Never formally revoked, it stopped being implemented after 1932. After World War II, the Soviet Union installed socialist regimes modeled on those it had installed in 1919–20 in the old Tsarist Empire in areas its forces occupied in Eastern Europe. The Soviet Union and the People’s Republic of China supported post–World War II communist movements in foreign nations and colonies to",0.0,wrong_answer
Dense + Grounded,The epidemic in Newcastle was the most what in any British city at the time?,devastating loss,Not enough information.,Antiquaries that 47% of the then population of Newcastle died from the epidemic; this may also have been the most devastating loss in any British City in this period.,0.5,over_refusal
Dense + Grounded,What service is a VideoGuard UK equipped receiver dedicated to decrypt?,Sky,Not enough information.,"Provided is a universal Ku band LNB (9.75/10.600 GHz) which is fitted at the end of the dish and pointed at the correct satellite constellation; most digital receivers will receive the free to air channels. Some broadcasts are free-to-air and unencrypted, some are encrypted but do not require a monthly subscription (known as free-to-view), some are encrypted and require a monthly subscription, and some are pay-per-view services. To view the encrypted content a VideoGuard UK equipped receiver (all of which are dedicated to the Sky service, and cannot be used to decrypt other services) needs to be used. Unofficial CAMs are now available to view the service, although use of them breaks the user's contract with Sky and invalidates the",0.5,over_refusal
Dense + Rerank + Grounded,Who had established the Russian empire to its former glory prior to 1921?,Bolshevik leaders,Not enough information.,"Bolshevik leaders had effectively reestablished a polity with roughly the same extent as that empire by 1921, however with an internationalist ideology: Lenin in particular asserted the right to limited self-determination for national minorities within the new territory. Beginning in 1923, the policy of ""Indigenization"" [korenizatsiia] was intended to support non-Russians develop their national cultures within a socialist framework. Never formally revoked, it stopped being implemented after 1932. After World War II, the Soviet Union installed socialist regimes modeled on those it had installed in 1919–20 in the old Tsarist Empire in areas its forces occupied in Eastern Europe. The Soviet Union and the People’s Republic of China supported post–World War II communist movements in foreign nations and colonies to",0.5,over_refusal
Dense + Rerank + Grounded,What service is a VideoGuard UK equipped receiver dedicated to decrypt?,Sky,Not enough information.,"Provided is a universal Ku band LNB (9.75/10.600 GHz) which is fitted at the end of the dish and pointed at the correct satellite constellation; most digital receivers will receive the free to air channels. Some broadcasts are free-to-air and unencrypted, some are encrypted but do not require a monthly subscription (known as free-to-view), some are encrypted and require a monthly subscription, and some are pay-per-view services. To view the encrypted content a VideoGuard UK equipped receiver (all of which are dedicated to the Sky service, and cannot be used to decrypt other services) needs to be used. Unofficial CAMs are now available to view the service, although use of them breaks the user's contract with Sky and invalidates the",0.5,over_refusal
Dense + Rerank + Short Grounded,Who had established the Russian empire to its former glory prior to 1921?,Bolshevik leaders,Not enough information.,"Bolshevik leaders had effectively reestablished a polity with roughly the same extent as that empire by 1921, however with an internationalist ideology: Lenin in particular asserted the right to limited self-determination for national minorities within the new territory. Beginning in 1923, the policy of ""Indigenization"" [korenizatsiia] was intended to support non-Russians develop their national cultures within a socialist framework. Never formally revoked, it stopped being implemented after 1932. After World War II, the Soviet Union installed socialist regimes modeled on those it had installed in 1919–20 in the old Tsarist Empire in areas its forces occupied in Eastern Europe. The Soviet Union and the People’s Republic of China supported post–World War II communist movements in foreign nations and colonies to",0.5,over_refusal
Dense + Short Grounded,What does co-teaching get the students to focus on?,learning,school,Co-teaching has also become a new trend amongst educational institutions. Co-teaching is defined as two or more teachers working harmoniously to fulfill the needs of every student in the classroom. Co-teaching focuses the student on learning by providing a social networking support that allows them to reach their full cognitive potential. Co-teachers work in sync with one another to create a climate of learning.,0.0,wrong_answer
Dense + Short Grounded,Who had established the Russian empire to its former glory prior to 1921?,Bolshevik leaders,"Bolshevik leaders had effectively reestablished a polity with roughly the same extent as that empire by 1921, however with an internationalist ideology: Lenin in particular asserted the right to limited self-determination for national minorities within the new territory.","Bolshevik leaders had effectively reestablished a polity with roughly the same extent as that empire by 1921, however with an internationalist ideology: Lenin in particular asserted the right to limited self-determination for national minorities within the new territory. Beginning in 1923, the policy of ""Indigenization"" [korenizatsiia] was intended to support non-Russians develop their national cultures within a socialist framework. Never formally revoked, it stopped being implemented after 1932. After World War II, the Soviet Union installed socialist regimes modeled on those it had installed in 1919–20 in the old Tsarist Empire in areas its forces occupied in Eastern Europe. The Soviet Union and the People’s Republic of China supported post–World War II communist movements in foreign nations and colonies to",0.5,partially_supported
Dense + Short Grounded,The epidemic in Newcastle was the most what in any British city at the time?,devastating loss,Not enough information.,Antiquaries that 47% of the then population of Newcastle died from the epidemic; this may also have been the most devastating loss in any British City in this period.,0.5,over_refusal
Dense + Short Grounded,What service is a VideoGuard UK equipped receiver dedicated to decrypt?,Sky,Not enough information.,"Provided is a universal Ku band LNB (9.75/10.600 GHz) which is fitted at the end of the dish and pointed at the correct satellite constellation; most digital receivers will receive the free to air channels. Some broadcasts are free-to-air and unencrypted, some are encrypted but do not require a monthly subscription (known as free-to-view), some are encrypted and require a monthly subscription, and some are pay-per-view services. To view the encrypted content a VideoGuard UK equipped receiver (all of which are dedicated to the Sky service, and cannot be used to decrypt other services) needs to be used. Unofficial CAMs are now available to view the service, although use of them breaks the user's contract with Sky and invalidates the",0.5,over_refusal
Hybrid + Rerank + Evidence,Who had established the Russian empire to its former glory prior to 1921?,Bolshevik leaders,3,"Bolshevik leaders had effectively reestablished a polity with roughly the same extent as that empire by 1921, however with an internationalist ideology: Lenin in particular asserted the right to limited self-determination for national minorities within the new territory. Beginning in 1923, the policy of ""Indigenization"" [korenizatsiia] was intended to support non-Russians develop their national cultures within a socialist framework. Never formally revoked, it stopped being implemented after 1932. After World War II, the Soviet Union installed socialist regimes modeled on those it had installed in 1919–20 in the old Tsarist Empire in areas its forces occupied in Eastern Europe. The Soviet Union and the People’s Republic of China supported post–World War II communist movements in foreign nations and colonies to",0.0,format_mismatch
Hybrid + Rerank + Evidence,The epidemic in Newcastle was the most what in any British city at the time?,devastating loss,[Passage 2],Antiquaries that 47% of the then population of Newcastle died from the epidemic; this may also have been the most devastating loss in any British City in this period.,0.0,format_mismatch
Hybrid + Rerank + Evidence,What service is a VideoGuard UK equipped receiver dedicated to decrypt?,Sky,unanswerable,"Provided is a universal Ku band LNB (9.75/10.600 GHz) which is fitted at the end of the dish and pointed at the correct satellite constellation; most digital receivers will receive the free to air channels. Some broadcasts are free-to-air and unencrypted, some are encrypted but do not require a monthly subscription (known as free-to-view), some are encrypted and require a monthly subscription, and some are pay-per-view services. To view the encrypted content a VideoGuard UK equipped receiver (all of which are dedicated to the Sky service, and cannot be used to decrypt other services) needs to be used. Unofficial CAMs are now available to view the service, although use of them breaks the user's contract with Sky and invalidates the",0.5,over_refusal
Hybrid + Rerank + Grounded,Who had established the Russian empire to its former glory prior to 1921?,Bolshevik leaders,Not enough information.,"Bolshevik leaders had effectively reestablished a polity with roughly the same extent as that empire by 1921, however with an internationalist ideology: Lenin in particular asserted the right to limited self-determination for national minorities within the new territory. Beginning in 1923, the policy of ""Indigenization"" [korenizatsiia] was intended to support non-Russians develop their national cultures within a socialist framework. Never formally revoked, it stopped being implemented after 1932. After World War II, the Soviet Union installed socialist regimes modeled on those it had installed in 1919–20 in the old Tsarist Empire in areas its forces occupied in Eastern Europe. The Soviet Union and the People’s Republic of China supported post–World War II communist movements in foreign nations and colonies to",0.5,over_refusal
Hybrid + Rerank + Grounded,The epidemic in Newcastle was the most what in any British city at the time?,devastating loss,Not enough information.,Antiquaries that 47% of the then population of Newcastle died from the epidemic; this may also have been the most devastating loss in any British City in this period.,0.5,over_refusal
Hybrid + Rerank + Grounded,What service is a VideoGuard UK equipped receiver dedicated to decrypt?,Sky,Not enough information.,"Provided is a universal Ku band LNB (9.75/10.600 GHz) which is fitted at the end of the dish and pointed at the correct satellite constellation; most digital receivers will receive the free to air channels. Some broadcasts are free-to-air and unencrypted, some are encrypted but do not require a monthly subscription (known as free-to-view), some are encrypted and require a monthly subscription, and some are pay-per-view services. To view the encrypted content a VideoGuard UK equipped receiver (all of which are dedicated to the Sky service, and cannot be used to decrypt other services) needs to be used. Unofficial CAMs are now available to view the service, although use of them breaks the user's contract with Sky and invalidates the",0.5,over_refusal
Hybrid + Rerank + Short Grounded,Who had established the Russian empire to its former glory prior to 1921?,Bolshevik leaders,Not enough information.,"Bolshevik leaders had effectively reestablished a polity with roughly the same extent as that empire by 1921, however with an internationalist ideology: Lenin in particular asserted the right to limited self-determination for national minorities within the new territory. Beginning in 1923, the policy of ""Indigenization"" [korenizatsiia] was intended to support non-Russians develop their national cultures within a socialist framework. Never formally revoked, it stopped being implemented after 1932. After World War II, the Soviet Union installed socialist regimes modeled on those it had installed in 1919–20 in the old Tsarist Empire in areas its forces occupied in Eastern Europe. The Soviet Union and the People’s Republic of China supported post–World War II communist movements in foreign nations and colonies to",0.5,over_refusal
Hybrid + Rerank + Short Grounded,The epidemic in Newcastle was the most what in any British city at the time?,devastating loss,Not enough information.,Antiquaries that 47% of the then population of Newcastle died from the epidemic; this may also have been the most devastating loss in any British City in this period.,0.5,over_refusal
